<addon id="plugin.video.9anime" name="9Anime" provider-name="Tweak" version="0.0.1">
  <requires>
    <import addon="xbmc.python" version="3.0.0" />
    <import addon="script.module.requests" version="2.12.4" />
    <import addon="script.common.plugin.cache" version="2.5.5" />
    <import addon="script.module.urlresolver" version="7.0.00" />
    <import addon="script.module.beautifulsoup4" version="4.5.3" />
  </requires>
  <extension library="default.py" point="xbmc.python.pluginsource">
        <provides>video</provides>
  </extension>
  <extension point="xbmc.addon.metadata">
    <summary lang="en">9Anime video plugin</summary>
    <description lang="en">9anime is a great HD source for almost all animes out there</description>
    <source>https://github.com/Tweak4141/plugin.video.9anime</source>
    <platform>all</platform>
    <assets>
      <icon>resources/tweakbg.png</icon>
      <fanart>resources/fanart.jpg</fanart>
    </assets>
  </extension>
</addon>
